manufacturerNumber,manufacturer,brand,product_id
RH7-00001,Microsoft,Microsoft,AVpf3txeLJeJML43FN82
BT-210F,Boytone,Boytone,AVpgMuGwLJeJML43KY_c
VLF410B1,Inconnu,Sanus,AVphzgbJLJeJML43fA0o
984-000911,Inconnu,Ultimate Ears,AWIm0C3TYSSHbkXwx3S6
LP35185,Lowepro,Lowepro,AVpfnp8HLJeJML43AmVi
CMSA8GX3M2A1066C7,Inconnu,Corsair,AV1YFmcQglJLPUi8IGd1
IBT33BC,iHome,"Sdi Technologies, Inc.",AVpgF1BOilAPnD_xnTsK
Mifi6620L,Novatel,Verizon Wireless,AVpiUMISilAPnD_xC-hu
KDX320BTS,Inconnu,JVC,AVpfIjJULJeJML433Ga2
GX862,Inconnu,JBL,AVphRsH11cnluZ0-Agzr
45W SLIM AC ADAPTER - 88801419,Lenovo Idea,Lenovo,AVpf24SVLJeJML43FAIX
SXEZR1V1,Siriusxm,Siriusxm,AVzNjwZZ-jtxr-f3yc_y
MD16GK2D4240015AB,Inconnu,Pny,AVpf2pgLilAPnD_xjed4
SB375-100,Slingbox,Sling Media,AVpg8i6NilAPnD_xzQdN
SRSHG1/BLK,Sony,Sony,AVpfKRGKLJeJML433rPX
WR-120C,Midland,Midland,AVpgswjcLJeJML43Ro-G
DVM60PRR6C,Sony,Sony,AVpfjP9uilAPnD_xdy6-
SRSZR7,Inconnu,Sony,AVpfgGwSLJeJML43-VCn
PH3300U-1I72,Inconnu,Toshiba,AV13V_i2glJLPUi8PFgb
GW3-10,Inconnu,Power Acoustik,AVpiEA1f1cnluZ0-JaoG
EM-JH101-BK,House of Marley,House of Marley,AVpivePGilAPnD_xHH0l
CRX-332BL,Yamaha,Yamaha,AVpio2wSilAPnD_xGGln
TREMOR,Inconnu,DreamWave,AVpfVJXu1cnluZ0-iwTT
Alpine,Glengery,Glengery,AVpe7vI_ilAPnD_xRMq2
XPS8920-7529SLV-PUS,Inconnu,Dell,AVwvGPRyU2_QcyX9R3FW
HP-AF32-GW-MEE,Inconnu,MEE audio,AVpftC_FLJeJML43CLs8
UN40M5300AFXZA,Inconnu,Samsung,AV4GShTMvKc47QAVrFsX
NS-SP1800BL,YAMAHA,Yamaha,AVphUeKeilAPnD_x3-Be
720960-1100,Bose,Bose,AVpf0Nyo1cnluZ0-rzhu
910-004797,Inconnu,Logitech,AVqlHaLknnc1JgDc3m5y
MEXM100BT,Sony,Sony,AVpjedgc1cnluZ0-W4NI
SRSXB30/BLK,Inconnu,Sony,AVsRhL-fQMlgsOJE6zvB
LBTGPX555,Sony,Sony,AVpfuJ4pilAPnD_xhDyM
NS-IW480CWH,Yamaha,Yamaha,AVpg59zyilAPnD_xyv3y
SCOUT66,Motorola,Motorola,AVpgGPyq1cnluZ0-wbTJ
NECB,5 Years,Definitive Technology,AVpjI0B41cnluZ0-T5TH
SPE-6000,Inconnu,Alpine,AVpiFC-LilAPnD_xAgKu
BST301TT,Belkin,Belkin,AVpgjaudilAPnD_xuDKC
P7,Inconnu,Bowers & Wilkins,AVpiAzN7ilAPnD_x_wOJ
V700NXTWHT,JBL,JBL,AVpfnuDailAPnD_xfKZY
CLARITY-SR-200,Allround Software,CLARITY-TELECOM,AVpi-P111cnluZ0-SVqq
EM-DH003-PS,Inconnu,House of Marley,AVpg8GjjLJeJML43Uplr
TY-ASW91,Inconnu,Toshiba,AV2Zps11GV-KLJ3al16A
41IK5BT2V2,Inconnu,Kicker,AVpe5iL11cnluZ0-ZVzB
PRIME CENTER - BLACK ASH,Inconnu,SVS,AVpe9BGF1cnluZ0-annA
WD20EFRX,Inconnu,WD,AVpfVI9wilAPnD_xZxH-
A7000-10000S,Inconnu,Netgear,AV15fqDs-jtxr-f38R4C
EB-P310SIWESTA,SAMSUNG,Samsung,AVpgnnzJilAPnD_xu_7Q
915-000224,Logitech,Logitech,AVpgfP3DilAPnD_xtG3M
ACC570,Peerless,Peerless-AV,AVpe8ZRY1cnluZ0-aY4H
DQ-PA3032U-5525,Dantona,DENAQ,AVpe9FXeLJeJML43zHrq
NSSP1800BL,YAMAHA,Yamaha,AVphUeKeilAPnD_x3-Be
X-7,Inconnu,Universal Remote Control,AVpi6aLv1cnluZ0-Rv8A
7209601100,Bose,Bose,AVpf0Nyo1cnluZ0-rzhu
MZ-7KE512BW,Inconnu,Samsung,AWOpOCd2YSSHbkXw07ei
CMK16GX4M2B3000C15,Inconnu,Corsair,AV2Z1Efc-jtxr-f39lm6
OT1351-GR,Inconnu,Outdoor Tech,AVpgNkVc1cnluZ0-yJB6
SM-R140NZKAXAR,Inconnu,Samsung,AWACBprXKZqtpbFMVBZo
MR4000,Inconnu,Panamax,AVpi9AE_LJeJML43qkYJ
TS480GJDM420,TRANSCEND Storage,Transcend,AVpiSS1A1cnluZ0-LyAY
HP-AF32-RB-MEE,Inconnu,MEE audio,AVpfyGvu1cnluZ0-rMw9
ASM86601-5,Inconnu,SpeakerCraft,AVpjFAGc1cnluZ0-TWv2
ACC570,Peerless,Peerless,AVpe8ZRY1cnluZ0-aY4H
KFC-1653MRW,Kenwood,Kenwood,AVpfLsb-ilAPnD_xWtDE
MR5100,Inconnu,Panamax,AVpe8D1nLJeJML43yvxK
SS-4,Inconnu,Niles,AVpfBGsK1cnluZ0-cEkm
ASM56602,Inconnu,SpeakerCraft,AVpfJZfu1cnluZ0-e6h0
CMR16GX4M2C3200C16,Inconnu,Corsair,AV0A-lHuvKc47QAVflgj
DQ-F4600A-5525,Denaq,DENAQ,AVpgUFUC1cnluZ0-zve8
SLL-1,Peak Design,Peak Design,AVpfSgKO1cnluZ0-h5Jx
UN50M5300FXZA,Inconnu,Samsung,AV13iAUYGV-KLJ3aka9M
PSW10,Polk Audio,Polk Audio,AVpfM3TL1cnluZ0-gDuQ
MC707LL/A,Inconnu,Apple,AVpjQLlKLJeJML43tRja
ST640P,Inconnu,Peerless-AV,AV2Zq0TUvKc47QAVpH6i
742896-0200,BOSE,Bose,AVpgm2X2ilAPnD_xu0wB
AVRX1400H,Inconnu,Denon,AVzNjFsJvKc47QAVd1TD
DQ-PA3290U-5525,Denaq,DENAQ,AVpf5N1w1cnluZ0-tJMj
ELECTRIC110H,ELITE SCREENS DIRECTSHIP,Elite Screens,AVphQfSlilAPnD_x3PsG
SRSXB21/B,Inconnu,Sony,AWLk3Ju4Iwln0LfXl1IO
5b65s White,Russound,Russound,AVpfvR8QilAPnD_xhYtm
SB-2000-PIANO GLOSS,Inconnu,SVS,AVpfDM-4ilAPnD_xT1W0
KFC-C6865R,Inconnu,Kenwood,AVpjdPfPilAPnD_xNmIv
55H9D PLUS,Inconnu,Hisense,AWIsfzRiYSSHbkXwx4H3
WDBMMA0040HNC-NRSN,Western Digital,WD,AVpiVYLb1cnluZ0-MQnR
EM-JE041-MI,House Of Marley,House of Marley,AVpiLlubilAPnD_xBoTa
WR120C,Midland,Midland,AVpgswjcLJeJML43Ro-G
MARANTZ SR5010,Marantz,Marantz,AVpfQk2EilAPnD_xYTQK
ISBC01,ISIMPLE,iSimple,AVpfFHiHilAPnD_xUgSL
PDRUB,Chief Manufacturing,Chief,AVphULZ-LJeJML43ZZgr
PS200,Peerless Industries,Peerless-AV,AVphBFxt1cnluZ0-9PuF
TBS-6035-01,Inconnu,Turtle Beach,AVpfQfySLJeJML435uIU
GOLDG03R,Inconnu,AudioQuest,AVpf_JaxilAPnD_xlj29
MFP-300,Inconnu,Panamax,AVpgEhMNLJeJML43Ich7
980-001300,Inconnu,Logitech,AWMjgUYxHh53nbDRJ9NI
WX-030BL,YAMAHA,Yamaha,AVpgDPRjilAPnD_xmpMU
UN24M4500AFXZA,Inconnu,Samsung,AV4GSgsz-jtxr-f3_a37
WISP500/B,Inconnu,Sony,AWKXniCGYSSHbkXwyv-f
41KM652C,Inconnu,Kicker,AVpfVNzvLJeJML437Pgg
PC-2000 - PIANO GLOSS - 110V,Inconnu,SVS,AWAtmJb1uC1rwyj_jU16
YU2GB,Inconnu,Kanto Living,AVpfzhXiLJeJML43EDfY
MCR-B043WH,Inconnu,Yamaha,AVpgDCP-1cnluZ0-vmw7
24644,Inconnu,Bose,AV1YFFX1GV-KLJ3adcoq
MODEL MP42B,Inconnu,MTX,AVpfqTlSLJeJML43BXm9
5B55 WHITE,Russound,Russound,AVpfC6mu1cnluZ0-cszY
961-000416,Inconnu,Logitech,AV00ozTAvKc47QAVgAJM
ET-WV520K,Inconnu,Samsung,AVz846Pf-jtxr-f30JIn
LP-3CSC,Power Acoustik,Power Acoustik,AVpe3p_1LJeJML43xFQy
T92UWH,Elitescreens,Elite Screens,AVpfKEAuilAPnD_xWKpK
SDSSDEXT-500G-G25,Inconnu,Sandisk,AVwsxeF6U2_QcyX9RyIp
MIFI6620L,Novatel,Novatel,AVpiUMISilAPnD_xC-hu
S5GRHT-448,Inconnu,Skullcandy,AVpgbYVjilAPnD_xsSeu
VE278Q,Inconnu,ASUS,AVpfCpIGLJeJML431Fud
DYN1000WD,Inconnu,MartinLogan,AVpfKBx71cnluZ0-fH1m
MU-PA1T0B/AM,Inconnu,Samsung,AV4GUR_kvKc47QAVrHH8
SRSXB40/BLK,Inconnu,Sony,AVsRhL0knnc1JgDc34iQ
SUB6MG,Inconnu,Kanto Living,AVpe7NoG1cnluZ0-Z9sS
AVH-X3800BHS,Inconnu,Pioneer,AVpizUj3LJeJML43pNDJ
WDBCRM0030BBK-NESN,Inconnu,WD,AV1YEAWU-jtxr-f31M0Z
F4U095tt,Inconnu,Belkin,AV2ZzbZWvKc47QAVpILS
ECON-S3T-DVD-BK,Inconnu,VINPOWER DIGITAL DIRECTSHIP,AVpfqlKoilAPnD_xf_zJ
P2418HT,Inconnu,Dell,AWFFhQ_0Iwln0LfXiOyo
TY-SBX130,Inconnu,Toshiba,AV47uhmF-jtxr-f3CbaL
1065-005-110,Pelican,PELICAN,AVpgmxCxilAPnD_xuzi5
GOLDG01R,Audioquest,AudioQuest,AVpgD_KaLJeJML43IT00
F0BV001CUS,Lenovo,Lenovo,AVpi9fmcilAPnD_xJGud
RZ05-01260100-R3U1,Razer,Razer,AVpfNwcJLJeJML4340X6
UBDM9500/ZA,Samsung,Samsung,AVwjdOdov8e3D1O-nnK9
SHAKEX10,Inconnu,Sony,AVz8z52avKc47QAVfisq
AW2518H,Inconnu,Alienware,AV1WzErqglJLPUi8H_E0
0510C001,Canon,Canon,AVpf4W5_ilAPnD_xj6lg
CD-BHS1050,Inconnu,Sharp,AVsSRjYJnnc1JgDc3_lX
SP-800UZ,Inconnu,Olympus,AVpfBVx6LJeJML430omC
BLAB08,Inconnu,AudioQuest,AVpfC1hY1cnluZ0-crMb
EM-DH003-PS,Inconnu,House Of Marley,AVpg8GjjLJeJML43Uplr
LP36863,Lowepro,Lowepro,AVphTO5W1cnluZ0-Aygg
941-000121,Logitech,Logitech,AVpfdBS41cnluZ0-lBIj
50H4D,Inconnu,Hisense,AV13iKow-jtxr-f38NNS
XEVA-77UV,Inconnu,Hoya,AVpg3V8wLJeJML43Ts4d
TL-PA4026 KIT,TP-Link,TP-Link,AVpe641i1cnluZ0-Z2FT
AR120WH2,Elite Screens,Elite Screens,AVpfI64PilAPnD_xVyc4
TC-2000C,Inconnu,Digipower,AVpfRGTrilAPnD_xYeFl
CA-9011146-NA,Inconnu,CORSAIR,AVwjuPeFU2_QcyX9Q9i3
TX-8270,Inconnu,Onkyo,AVzN0kf1vKc47QAVd1bS
MDR1AB,Inconnu,Sony,AV1YGSSyGV-KLJ3addCq
M80UWH,Elitescreens,Elite Screens,AVpfCQslilAPnD_xThwe
RX-A770BL,Yamaha,Yamaha,AVz5wc0H-jtxr-f30F6_
NS-6490,Inconnu,Yamaha,AVpg0p2hilAPnD_xxtzj
ITSBO-358P,Inconnu,Innovative Technology,AVphxh7LilAPnD_x9K92
HRS100400,Inconnu,Panasonic,AVpfBBiOLJeJML430hSK
MH30S2,Inconnu,Master Dynamic,AVphHrlRilAPnD_x1hnm
QN49Q6FAMFXZA,Inconnu,Samsung,AV_OF0yrHh53nbDRAGw0
CP-9020045-NA,Corsair,CORSAIR,AVpe7V2GLJeJML43yfVz
MZ-V6P1T0BW,Samsung,Samsung,AVpfAXof1cnluZ0-bz3u
R-20B,Inconnu,Klipsch,AVpgo1_p1cnluZ0-4URp
ELG-00001,Inconnu,Microsoft,AV4a46R9glJLPUi8SzFA
DQ-HSTNN-IB75,Denaq,DENAQ,AVpfQo04ilAPnD_xYUlo
SSW-6,Inconnu,Sima,AVpf8j7-ilAPnD_xk7Yr
EMJH101BK,House of Marley,House of Marley,AVpivePGilAPnD_xHH0l
CRX332BL,Yamaha,Yamaha,AVpio2wSilAPnD_xGGln
rx-v379bl,YAMAHA,Yamaha,AVpfIk3ailAPnD_xVq7m
R6080-100NAS,Inconnu,Netgear,AV1TxaKHglJLPUi8H7G7
75UJ6470,Inconnu,LG,AVzSv0OV-jtxr-f3yibR
MD329LL/A,Inconnu,Apple,AVqVGZS6QMlgsOJE6eUd
BST301tt,Belkin,Belkin Inc.,AVpgjaudilAPnD_xuDKC
RX-S601BL,Yamaha,Yamaha,AVpi7IY9ilAPnD_xIvXb
PRIME CENTER - PIANO GLOSS,Inconnu,SVS,AVpgy8AlLJeJML43S4P3
WS63 7RK-280US,Inconnu,MSI,AVs1TuxTnnc1JgDc4fzn
F0CD002WUS,Lenovo,Lenovo,AVqPh7N3QMlgsOJE6b8I
T301C,Inconnu,KEF,AVpfNt_8LJeJML434zkv
AS451XB,Inconnu,AfterShokz,AVwjvwrwU2_QcyX9Q9l2
GL700C,Inconnu,Zubie,AVpjZNprLJeJML43ul48
GDI-EGBT501,Grace Digital,ECOXGEAR,AVpgDQLQLJeJML43IHSM
SPE-6090,Alpine,Alpine,AVpfDLA0ilAPnD_xT0sq
NSIW480CWH,Yamaha,Yamaha,AVpg59zyilAPnD_xyv3y
984-000958,Inconnu,Ultimate Ears,AWIwKRuwIwln0LfXkC7s
i207-WRA,Inconnu,Alpine,AV_N7jgVYSSHbkXwqQ_F
910-003825,Logitech,Logitech,AVpfCmFjLJeJML431EzG
M8-AV,Inconnu,PANAMX,AVpgj4Cd1cnluZ0-3MKD
528011715,Parts,Rand McNally,AVpffLmi1cnluZ0-lmL2
UN55KU7000FXZA,SAMSUNG,Samsung,AVpfctE8LJeJML439Zky
ST121UTPEP,StarTech,StarTech,AVpfRBBK1cnluZ0-hbKE
MF97G,Inconnu,ZTE,AVph3jx0LJeJML43fun-
TCD849000V,Inconnu,TiVo,AWImaqdkIwln0LfXkAw8
WAM1500/ZA,Samsung,Samsung,AVpe6-C2LJeJML43yWf1
920-007955,Inconnu,Logitech,AVpfIbAvilAPnD_xVneb
920-007181,Logitech,Logitech,AVpe7vER1cnluZ0-aJu7
SF32UX2/TQ,Sony,Sony,AVphMo6qLJeJML43X_DA
GS116NA,Inconnu,Netgear,AWFFh3tBYSSHbkXwwEem
010-12517-05,Inconnu,Garmin,AVzxuI1IvKc47QAVfTmW
PKG-MR362BT,Inconnu,Kenwood,AVpe_6K7LJeJML430H1s
WD2000F9YZ,Inconnu,WD,AV13Evy9-jtxr-f38Bqf
Archer T9E,Inconnu,Tp-Link,AWImYplsIwln0LfXkAqt
34104,Inconnu,Bose,AV1YFCmuvKc47QAVgpxK
JBLV710BTSIL,Inconnu,Jbl,AV03evT5glJLPUi8Huad
NX.GKHAA.001,Acer,Acer,AVqVGaFnv8e3D1O-ldFx
MZ-V6E500BW,Samsung IT,Samsung,AVpiyvdhLJeJML43pIIJ
e5-574-53qs,Acer,Acer,AVpfe4goLJeJML439-kF
TSX-B141BR,Inconnu,Yamaha,AVpjXDoTLJeJML43uR72
961-000392,Inconnu,Logitech,AVpftHW_ilAPnD_xgvny
WH1000XM2/B,Inconnu,Sony,AV7pbSt2YSSHbkXwojgp
MCR-B020BL,Inconnu,Yamaha,AVpgvd_DilAPnD_xwvk1
MZ-7KE1T0BW,Inconnu,Samsung,AWN6PKWauC1rwyj_rgtt
SDSDQQ-064G-G46A,Inconnu,SanDisk,AV43KcK0vKc47QAVtMR-
FB601BU,Inconnu,Fitbit,AV9GdE90uC1rwyj_gGmd
SOL-EP1190GD,Inconnu,SOL REPUBLIC,AVqkGdpennc1JgDc3kGq
RZ04-02050100-R3U1,RAZER,Razer,AVqVGQd9v8e3D1O-ldD1
ILCE6500/B,Inconnu,Sony,AWKug03QuC1rwyj_p5PQ
SPR60,Inconnu,Alpine,AVpgNkrG1cnluZ0-yJG5
SPS-610C,Alpine,Alpine,AVpffrToLJeJML43-M2g
3554B002,Inconnu,Canon,AWOTVpQiIwln0LfXm3OV
SUB8GW,Inconnu,Kanto,AVphQEwo1cnluZ0-AORx
MOTION6,Inconnu,MartinLogan,AVpgMgec1cnluZ0-x4yw
P9630B,Planet Audio,Planet Audio,AVpgFmiJLJeJML43IuFR
RX-580P8DBRR,Inconnu,XFX,AVzNkGvq-jtxr-f3yc_7
GWSSKIT,Inconnu,IOGEAR,AVzNi793GV-KLJ3aarCf
SDSSDH3-500G-G25,Inconnu,SanDisk,AV225TMGGV-KLJ3amXke
CWV SL25C,Inconnu,Cerwin Vega,AVpfW8Rx1cnluZ0-jUky
TGMRHDIMGTX45BG,Cybertronpc,CybertronPC,AVpfOaSr1cnluZ0-gkL6
GP62MVRX661,Inconnu,MSI,AVvqEKUXnnc1JgDc5eCL
GDI-BTAR252,Inconnu,Grace Digital,AVpggreMilAPnD_xtbbX
0G03674,Inconnu,G-Technology,AV1YmsYevKc47QAVgsiH
F5L149TTBLK,Inconnu,Belkin,AVpgpGHpilAPnD_xvVrJ
GDI-EXEJ301,Inconnu,ECOXGEAR,AVqkHRVgv8e3D1O-leK7
DI 6.5LCR,Inconnu,Definitive Technology,AVpfN88l1cnluZ0-gaas
RZ09-01663E53-R3U1,Inconnu,Razer,AVwvFm-zU2_QcyX9R3FA
11806,Inconnu,Goal Zero,AVzJpZsEvKc47QAVd0bp
YAS-207BL,Inconnu,Yamaha,AV4GTNzT-jtxr-f3_bin
SMC200NZWAXAR,Samsung Electronics,Samsung,AVpftuv7LJeJML43CYrQ
IE 800,Sennheiser,Sennheiser,AVphzZkJ1cnluZ0-Gkcq
V315030SU000,Inconnu,Olympus,AV1eR5GMglJLPUi8IeuR
WHCH700N/B,Inconnu,Sony,AWLwDO9uYSSHbkXwz54e
GDI-EGBT500,Grace Digital Audio,ECOXGEAR,AVpfEV5X1cnluZ0-dMjG
kmm-bt315u,KENWOOD,Kenwood,AVpgxWfqilAPnD_xxHPQ
E970SWN,Inconnu,AOC,AV1eC51UGV-KLJ3ad1SR
SELP18105G,Inconnu,Sony,AWOUVe5cuC1rwyj_rmlB
GT784WN-01,Actiontec,Actiontec,AVpfHjh7LJeJML432w1s
MNEA2LL/A,Inconnu,Apple,AV03h86AglJLPUi8HubU
920-008432,Inconnu,Logitech,AV2ZzhzPvKc47QAVpILc
SXVCT1,SiriusXM,Siriusxm,AVphmTvJilAPnD_x7OWR
MKWU2LL/A,Inconnu,Apple,AVqVGRdfnnc1JgDc3jFH
MKWP2LL/A,Inconnu,Apple,AVqVGRbUQMlgsOJE6eTI
915-000238,Inconnu,Logitech,AV1YFzciGV-KLJ3adc6c
RZ04-00720100-R3U1,Razer USA,Razer,AVpe-22z1cnluZ0-bR4_
XFL2V-U-MBLACK,"Jvc Real Sound System Z Series Ha-Sz2000 Stream Woofer Db Headphones (black, Japan Import) V-Moda",V-MODA,AVpfZ3-XLJeJML438pCp
MLUMIEARTBK,Manfrotto,Manfrotto,AVphVKVzLJeJML43ZmR5
E12DSV,Inconnu,Atrend,AVpgMnaG1cnluZ0-x6kd
Aiwa-9001,Inconnu,Aiwa,AVpg1SfD1cnluZ0-64B0
DQ-PA-16-5525,Denaq,DENAQ,AVpft7PkLJeJML43CcmH
638481,Inconnu,Tenba,AVqVHMYcv8e3D1O-ldLY
AVRS920W,Denon,DENON - HEOS,AVpikPJcLJeJML43m5wF
MCRB043RE,Inconnu,Yamaha,AVpfsNQ7ilAPnD_xge4U
SB-4917HD-SL,Inconnu,SunBriteTV,AVpg9lcJ1cnluZ0-8h3k
AVRX3400H,Inconnu,Denon,AV4GTdlEglJLPUi8SdA1
506782,Inconnu,Sennheiser,AVzYfJRcglJLPUi8F5Uj
MCR-B043BU,Inconnu,Yamaha,AVpiKAs11cnluZ0-KdHN
CM500V-100NAS,Inconnu,Netgear,AWAGKRlGuC1rwyj_i7lX
GTKXB60,Inconnu,Sony,AV8QE3vIHh53nbDR-rKL
AW13R3-7420SLV-PUS,Inconnu,Alienware,AVqkI8oeU2_QcyX9O04K
137088-00,Inconnu,Monster,AVqkGc1hnnc1JgDc3kGh
SSVC-6,Niles,Niles,AVpf9PmlLJeJML43GkHw
UAJBLNBGRY,Inconnu,JBL,AWMZjqTQYSSHbkXw0Ixv
i7347-7550S,Inconnu,Lenovo,AVpflg8PilAPnD_xefyM
MD8GK2D31600NHS-Z,Inconnu,Pny,AVpgILRLilAPnD_xn4PV
DQ-PA175009-5525,Denaq,DENAQ,AVpe6iylilAPnD_xQxIS
MM800 RGB POLARIS,Inconnu,CORSAIR,AV6WsidFHh53nbDR8zM6
GX30K69568,Inconnu,Lenovo,AVqlHaVUU2_QcyX9O3HO
BLAB05,Audioquest,AudioQuest,AVpftXzx1cnluZ0-p0l1
UAJBLHRMB,Inconnu,JBL,AVqVHk8CU2_QcyX9Ozm7
JBLFREEBLKBT,Inconnu,JBL,AWABuY0rHh53nbDRBgDF
VSXLX302,Pioneer,Pioneer,AVz5wclz-jtxr-f30F66
AW82B,MTX,MTX Audio,AVpfuKrv1cnluZ0-qEUv
1SKBAV8,SKB Cases,SKB,AVpfB5iqLJeJML4301b0
SB-WM-T-L-BL,Inconnu,SunBriteTV,AWBghGZdYSSHbkXws4Zi
BOSE 591 IN-CEILING SPEAKERS,BOSE,Bose®,AVpgu2kUilAPnD_xwnW2
GDI-BTAR512N,Grace Digital,Grace Digital,AVpf9hex1cnluZ0-uLdV
VX2270SMH-LED,Inconnu,ViewSonic,AV1a7aO8glJLPUi8IT3S
FOCUS85-B,Inconnu,Motorola Home,AVpgcZI71cnluZ0-1hzG
WDBWZE0240KBK-NESN,Western Digital,WD,AVpgVswtLJeJML43MkOa
PLTRIC,Polaroid,Polaroid,AVpgBE3vilAPnD_xmE-L
ZLCS214,Case Logic,Case Logic,AVpfVBkx1cnluZ0-itvy
UN49MU6290FXZA,Inconnu,Samsung,AV6Wtc9YHh53nbDR8zcV
AHSSK-301,GoPro,GoPro,AVpfrWiiLJeJML43BsIU
AVR-S530BT,Inconnu,Denon,AV1YuBRZvKc47QAVgyox
340101,Sigma,Sigma,AVpfzWqfLJeJML43EAZ6
PM-2200,Sonax,Sonax,AVpfviwZ1cnluZ0-qdsr
CMR32GX4M4C3466C16,Inconnu,Corsair,AV0A-qRFGV-KLJ3aca24
MP3262,Inconnu,Memorex,AVqVGSxxv8e3D1O-ldEj
SR7012,Inconnu,Marantz,AV68s_z7KZqtpbFMRazD
HD 660 S,Inconnu,Sennheiser,AWAiMCX3YSSHbkXwsOKR
SL15,Inconnu,Cerwin-Vega,AVpfJpzM1cnluZ0-e_8n
1657,Inconnu,Hauppauge,AWInAvU5YSSHbkXwx3jO
NS-AW190WH,Inconnu,Yamaha,AVpfbCN8LJeJML4388_I
SOL-EP1190TE,Inconnu,SOL REPUBLIC,AVqkGUKCnnc1JgDc3kFi
SOL-EP1190BL,Inconnu,SOL REPUBLIC,AVqkGUN4QMlgsOJE6fUA
43BF400G,Inconnu,Kicker,AVqkHSLoU2_QcyX9O0iL
BT-120BL,Inconnu,Boytone,AVpfn6gvLJeJML43ArYZ
SB-S-43-4K-SL,Inconnu,SunBriteTV,AVqVGTt2v8e3D1O-ldE7
GTKXB90,Inconnu,Sony,AWACP5ONKZqtpbFMVBp2
TXNR757,Onkyo,Onkyo,AVph8AfNLJeJML43gfng
3202873,Thule,Thule,AVpglCVC1cnluZ0-3dD_
HT-S3800,ONKYO,Onkyo,AVpjSFMB1cnluZ0-VJAz
RX-V583BL,Inconnu,Yamaha,AVzRP92MGV-KLJ3aat8K
KDC-BT365U,KENWOOD,Kenwood,AVpfQjb11cnluZ0-hRb7
X009-GM,Alpine Electronics USA,Alpine,AVpiEb081cnluZ0-JfRW
M8-AV-PRO,Inconnu,Panamax,AVpfW_IOLJeJML437y99
SPC22,Pioneer,Pioneer,AVpe_9aLilAPnD_xStSC
UN65MU8000FXZA,Inconnu,Samsung,AVs4jJ0Vnnc1JgDc4w40
HD120 - THREE PACK WITH CONTRO,Inconnu,CORSAIR,AVwsxGm8v8e3D1O-obxP
MZ-V6P512BW,Samsung,Samsung,AVpe9oDr1cnluZ0-a1wt
HELOS22,Inconnu,MartinLogan,AVpiVxZxLJeJML43ku3l
W AMP,Inconnu,Definitive Technology,AVphZlybLJeJML43acoM
JBLINSP700BLK,Inconnu,Jbl,AWLX-WNUHh53nbDRJHPV
ONE,Inconnu,Antec,AV1YFoi0GV-KLJ3adc20
D7000-100NAS,NETGEAR,NETGEAR,AVphnf7wLJeJML43c6Uc
CMU16GX4M2C3000C15R,Corsair,CORSAIR,AVqFXQH5nnc1JgDc3gBZ
PWE-S8-WRA,Inconnu,Alpine,AVwjePzSnnc1JgDc5uUm
TCD849300V,Inconnu,TiVo,AV_GG3MWuC1rwyj_hFdU
UN32M4500AFXZA,Inconnu,Samsung,AV4GQSPzGV-KLJ3ankeZ
MB-MC256DA/AM,Samsung,Samsung,AVpiE9hhilAPnD_xAfSU
15-ay103dx,Inconnu,HP,AVqVGaafQMlgsOJE6eVO
MD825AM/A,Apple,Apple,AVpggL_W1cnluZ0-2Wfp
RS202BL,Yamaha Electronics,Yamaha,AVpfXQQl1cnluZ0-jahZ
PMD-102X,Inconnu,Power Acoustik,AVpgkllpLJeJML43Py1L
STRDN860,Sony,Sony,AVpfm9HsilAPnD_xe7y2
E1008G,Inconnu,GEKO,AVpfuCQ31cnluZ0-qBrU
PP999,Manufacturers Limited Warranty:1 Year,Pyle Pro,AVpfzDgKilAPnD_xidYN
LGLS777AVB,Inconnu,Virgin Mobile,AVvqI3Wrnnc1JgDc5ef-
XBR55A1E,Inconnu,Sony,AVs4UxVHU2_QcyX9P_Gp
EF-ZN950CVEGUS,Inconnu,Samsung,AV_ba_o6KZqtpbFMUCCq
CMY16GX3M2A1600C9B,Inconnu,CORSAIR,AV1YFiIxglJLPUi8IGcj
YU2MB,Kanto,Kanto Living,AVpfyQ_YilAPnD_xiPQK
AW15R3-7376SLV-PUS,Inconnu,Alienware,AVqVGaY1nnc1JgDc3jGx
61463,Inconnu,Steelseries,AVqVGQcjnnc1JgDc3jE3
CS610PK,Inconnu,Wacom,AV0-JbjHvKc47QAVgW-C
SEL85F14GM,Inconnu,Sony,AVpfANetLJeJML430Ovm
915-000259,Logitech,Logitech,AVqkE0Btnnc1JgDc3j2N
7153V,Viper by GLD Products,Viper,AVpe725Q1cnluZ0-aMmi
VMPR1B,Sanus,Sanus,AVpgAGr5LJeJML43HSLN
GDI-BTPB300,Grace Digital,Grace Digital,AVpfcg0ZLJeJML439WX4
LIACMWK000E1,eTape16,Leef,AVpfzq-I1cnluZ0-rpaL
RZ03-02260200-R3U1,Inconnu,Razer,AWOmw9PhHh53nbDRKld5
SEL85F18,Inconnu,Sony,AVqVHD82v8e3D1O-ldKQ
915-000293,Inconnu,Logitech,AV2ZpUa5GV-KLJ3al15t
KSMB-013-RGG,Inconnu,kate spade new york,AVphmbil1cnluZ0-EUEQ
RZ09-01953E72-R3U1,Inconnu,Razer,AVqVGaYQQMlgsOJE6eVH
M-100-U-SHADOW,Inconnu,V-MODA,AVpg9Nkk1cnluZ0-8ch9
CMZ16GX3M2A1600C9,Inconnu,CORSAIR,AVpgAlKY1cnluZ0-u9em
CDE-SXM145BT,Inconnu,Alpine,AV1YFGgCglJLPUi8IGRI
MNYL2LL/A,Inconnu,Apple,AV161e3vglJLPUi8PSYO
28LJ400B-PU,Inconnu,LG,AV01UxMTglJLPUi8Hmm4
STEH2000100,Inconnu,Seagate,AV1YDL4H-jtxr-f31Mno
RX-580P8DFWR,Inconnu,XFX,AVzNkGvxGV-KLJ3aarCv
RX-A670BL,Yamaha,Yamaha,AVz5wcrn-jtxr-f30F69
NS-HTVMM1703-C,Inconnu,Insignia,AWLI-DTQYSSHbkXwzTxw
PCIIDE2,Inconnu,StarTech,AWOpMDbqYSSHbkXw06lc
V11H723020,Epson,Epson,AVpfFAfQilAPnD_xUdv6
GDI-EXSJ401,Inconnu,ECOXGEAR,AVphqMhzilAPnD_x74hF
SUB6GB,Inconnu,Kanto,AVpfgTSGLJeJML43-Yy5
CMK32GX4M2A2666C16,Inconnu,CORSAIR,AV1YFkWbGV-KLJ3adc1a
Fg00986,niles,Niles,AVpe_X7milAPnD_xSgIr
1060902,Inconnu,Klipsch,AVpfhSF91cnluZ0-mNRI
XPS9365-7086SLV-PUS,Inconnu,Dell,AVpfIOEiLJeJML432_GK
1062330,KLIPSCH,Klipsch,AVpgtLbCLJeJML43RvK9
SB8200,Inconnu,Arris,AWImYXj0uC1rwyj_oyJi
XAVAX200SXM,Inconnu,Sony,AV_bJ4HiYSSHbkXwqvEw
SBX101,Dual,Dual,AVpgbeEu1cnluZ0-1Vog
5B65 WHITE,Russound,Russound,AVpfG8LCilAPnD_xVHwQ
AS501BL,Yamaha Electronics,Yamaha,AVpg49gDLJeJML43UBqN
HDHR4-2US,"SiliconDust USA, Inc",Silicondust,AV0A83DzglJLPUi8HH2E
YSTFSW150B,Yamaha,Yamaha,AVphWBfLilAPnD_x4RvC
J1,Cooks International LLC (Former Coshell Holdings LLC),Samsung,AVpfnzhaLJeJML43ApO5
UN43J5202AFXZA,Inconnu,Samsung,AV__PG32YSSHbkXwrxa5
65SJ8500,Inconnu,LG,AV1Ym558-jtxr-f31P3L
H6,Zoom,Zoom,AVpfCX0c1cnluZ0-cher
14294VRP,Inconnu,VXi,AVvp6M9Jnnc1JgDc5doN
9.45E+14,NVIDIA,NVIDIA,AVzvXKvwglJLPUi8Gz8a
STDR5000101,Seagate Technology,Seagate,AVqkEzW9U2_QcyX9O0Gr
HTB3-B1,Sanus,Sanus,AVpe56FkLJeJML43x9WO
X541SA-PD0703X,Inconnu,ASUS,AV1_HAw7glJLPUi8Pefc
JDA214,Inconnu,j5create,AVpfno8_LJeJML43AmB-
SKW204,Onkyo,Onkyo,AVpfAhIdLJeJML430Vxn
ns-hdrad2,Inconnu,Insignia,AVqVGTXxv8e3D1O-ldEq
XL-BH250,Inconnu,Sharp,AV1ETcIIGV-KLJ3adLhv
MK6J2LL/A,Inconnu,Apple,AVwvEaC8U2_QcyX9R3Eh
CINEMA SB350,Inconnu,JBL,AVpfGpvO1cnluZ0-d_P8
M-100-U-MBLACKM,Inconnu,V-MODA,AVpgAjWbLJeJML43HZ6g
DMC-G7KK,Inconnu,Panasonic,AV1YHuVaGV-KLJ3addLx
504631,Sennheiser,Sennheiser,AVpge6k2LJeJML43OhAl
RX-V481BL,YAMAHA,Yamaha,AVpe5gDcilAPnD_xQYGt
CMY32GX3M4A1600C9,Corsair,Corsair,AVpjM1qtLJeJML43s0o6
ZM-KSH004W,Zmodo,Zmodo,AV0YuJPTglJLPUi8HTt7
MDRXB550AP/B,Inconnu,Sony,AVwjdvlHv8e3D1O-nnLR
WD10JPLX,Inconnu,WD,AV1YFizWvKc47QAVgp_J
ESCRT-0100018-2,Inconnu,Escort,AVwXJZUinnc1JgDc5iYe
E1659FWU,Inconnu,AOC,AVpixlT01cnluZ0-QjcQ
SM-J320VLPP,Samsung,Samsung,AVqVGHKQnnc1JgDc3jDC
TCD849000,TIVO,Tivo,AVphaaUz1cnluZ0-CLK6
ROD NTG1,RODE,RODE,AVpikV2EilAPnD_xFZZC
100174300,Inconnu,Garmin,AV03XQcRglJLPUi8HuMv
NOWLHEADCARBON,Inconnu,Audioquest,AVqkGbtyU2_QcyX9O0XN
PB12-PLUS-BLACK-OAK-110,Inconnu,SVS,AVpikdr9ilAPnD_xFago
RJEVOD0.75,Inconnu,AudioQuest,AVpfxTMl1cnluZ0-q9iM
984-000659,"Logitech, Inc",Logitech,AVtidMFpQMlgsOJE8Q-w
MT-382-BLK,Inconnu,Incipio,AVqlD-linnc1JgDc3m5J
MAIN-67889,Inconnu,JBL,AVphDO5L1cnluZ0-9rFl
ELECTRIC125H,Inconnu,Elite Screens,AVpgSZ-x1cnluZ0-zWGy
SRSXB40/BLUE,Inconnu,Sony,AVsRhLwTv8e3D1O-lxO6
MZ-V6E250BW,Samsung IT,Samsung,AVpiaEp_ilAPnD_xD4Vx
USB3SDOCKDD,StarTech.com,StarTech.com,AVpgnxYZLJeJML43Qghp
MLY92LL/A,Inconnu,Apple,AVqVGlGynnc1JgDc3jIv
80V6000PUS,Inconnu,Lenovo,AVpizX7q1cnluZ0-QzCA
LG-VS810KPP,Inconnu,LG,AVpg6UJcilAPnD_xy0ZF
SDVD7078,Inconnu,Sylvania,AVzdPPJYglJLPUi8GICc
SB-5574UHD-BL,Inconnu,SunBriteTV,AVqVGTsvv8e3D1O-ldE2
PDWM1904,PYLE,Pyle Pro,AVpe67lH1cnluZ0-Z3GK
JBLV310BTGML,Inconnu,Jbl,AV03erfhglJLPUi8Huac
AS401XB,Inconnu,Aftershokz,AVwjvvLpQMlgsOJE8qvo
EP-X7-BLBK-MEE,Inconnu,Mee Audio,AV03ean0glJLPUi8HuaX
F19205,Inconnu,Sigma,AVpgTbxs1cnluZ0-zl6s
49163267,Jensen,Jensen,AVpfCxqDLJeJML431IeK
R9000-100NAS,NETGEAR,Netgear,AVqkEX69nnc1JgDc3jxg
1Z0592,Epson,Epson,AVpgshBg1cnluZ0-5JlU
3543_PSPLUS-4K-2N1-RGLD,Inconnu,mophie,AVqlD-sZnnc1JgDc3m5M
SM-J727UZKAXAA,Inconnu,Samsung,AV4GUDX1-jtxr-f3_cO3
HTXT2,Sony,Sony,AVpgIKYELJeJML43JV9V
SOL-EP1190BK,Inconnu,Sol Republic,AVqkGSNtv8e3D1O-ld_h
YOGA MOUSE-BLACK - GX30K69565,Lenovo Corporate,Lenovo,AVpjClDyLJeJML43rZxv
LP36955,Inconnu,Lowepro,AVpgpoWBilAPnD_xvdpa
RXA-1070BL,Inconnu,Yamaha,AV0WC9GIglJLPUi8HSdr
GOLDG02R,AUDIOQUEST,AudioQuest,AVpf1Yl5ilAPnD_xjIAW
MCRB043BL,Yamaha,Yamaha,AVpiBT8VLJeJML43hWwi
SB-S-43-4K-BL,Inconnu,SunBriteTV,AVqVGTtCv8e3D1O-ldE3
CA-PH410-G1,Inconnu,NZXT,AV2Z092TGV-KLJ3al2Mv
UEXA,Definitive Technology,Definitive Technology,AVpfhMJ9ilAPnD_xdMFC
MONITOR6C,MTX,MTX,AVpfEegx1cnluZ0-dPez
PB12-PLUS-PIANO-BLACK-110,Inconnu,SVS,AVpfcba7LJeJML439U5t
SDSSDA-120G-G27,Inconnu,SanDisk,AWAGKJ6fuC1rwyj_i7km
NR1508,Inconnu,Marantz,AVwjhoqQQMlgsOJE8qnh
VF-AT-D,Inconnu,Visidec,AV13C2saglJLPUi8O7pU
SF64UX2/TQ,Sony,Sony,AVpg-Wj61cnluZ0-8sZe
AS801SL,Yamaha Electronics,Yamaha,AVpinajALJeJML43nZV8
MLH42LL/A,Apple,Apple,AVpfZaCp1cnluZ0-kDV9
MW60S2,Inconnu,Master & Dynamic,AVpfXUZ5ilAPnD_xacpv
ML140 PRO LED - WHITE,Inconnu,CORSAIR,AVwsxGnCU2_QcyX9RyCk
505565,Inconnu,Sennheiser,AV1YF6vzvKc47QAVgqFr
9486B002,Canon Cameras US,Canon,AVphAj0QilAPnD_x0FhM
ZM-SH75D001-WA,Inconnu,Zmodo,AV1YE6a-GV-KLJ3adckJ
SEL2470GM,Inconnu,Sony,AV1YHr0_-jtxr-f31NdW
RX-V383BL,Inconnu,Yamaha,AV0oxhu8vKc47QAVf8Pw
VXT5-B1,Inconnu,Sanus,AVphV9sX1cnluZ0-BUpq
ID6RGKBB0,Zagg,ZAGG,AVpfUijE1cnluZ0-ikFo
DSCWX220/B,Sony,Sony,AVpfIODe1cnluZ0-eg35
HEOS1+1+GOBK,Denon,Denon,AVpgmq0TilAPnD_xuyNV
SXEZR1H1,SiriusXM,Siriusxm,AVwjcjEgv8e3D1O-nnKl
SIL-352M-KKN1,Coolermaster,Cooler Master,AVpe-JYpLJeJML43zgRH
SDSSDHII-500G-G25,Inconnu,Sandisk,AV075a6pglJLPUi8HyjQ
PWMA1003T,Inconnu,PYLE,AV13IiJCvKc47QAVnld8
CC-9011101-WW,Inconnu,Corsair,AVwsxEumU2_QcyX9RyCK
SL-BK-3,Inconnu,Peak Design,AWDfoawOuC1rwyj_ldUI
A1272H11,Inconnu,Anker,AVzxt6Mb-jtxr-f3z5_B
ETLTUSBBLK,Emerge,Retrak,AVphihSUilAPnD_x6mXX
MKWM2LL/A,Apple,Apple,AVpiGOez1cnluZ0-JzNW
QN65Q7CAMFXZA,Samsung,Samsung,AVqVGUFCv8e3D1O-ldFF
P55C1,Vizio,VIZIO,AVpf7PsHilAPnD_xkn6H
1062328,KLIPSCH,Klipsch,AVpgmhvuilAPnD_xuwLk
WDBVXC0040HWT-NESN,Inconnu,Western Digital,AV8whL5eHh53nbDR-yBh
SPFS52,Pioneer,Pioneer,AVpfHcah1cnluZ0-eQLY
kdc-hd262u,Inconnu,Kenwood,AV13EBmMvKc47QAVni6i
WF1000X/BM1,Inconnu,Sony,AWAiLmnZHh53nbDRB184
UN65MU9000FXZA,Inconnu,Samsung,AVzSv0q-vKc47QAVd60B
DYNAMO 500,Inconnu,MartinLogan,AVphIUMBilAPnD_x1qCs
SA400S37/120G,Inconnu,Kingston,AVqVGc1pU2_QcyX9Ozc7
34-b010,Inconnu,Intel,AVs1UXObQMlgsOJE7brT
MZ-76E500B/AM,Inconnu,Samsung,AWH8KlPuuC1rwyj_oPzR
V12H808001,"EPSON AMERICA, INC.",Epson,AVpfL8HBilAPnD_xWyLG
12ZXDSP1,Inconnu,KICKER,AVphsdw21cnluZ0-FWwn
XBR-75X850E,Inconnu,Sony,AVqkH8TtU2_QcyX9O0rJ
VSC-550BT P4,Inconnu,Victrola,AWHkCHGSYSSHbkXwxLTx
61302,Inconnu,Steelseries,AWFbOYQWuC1rwyj_nLCW
CMSX16GX4M2A2400C16,Corsair,CORSAIR,AVphIbvi1cnluZ0--vFy
CTL4100,Inconnu,Wacom,AWK80MDaYSSHbkXwzOPK
RXV479BL,Yamaha,Yamaha,AVpe48Es1cnluZ0-ZHZU
VSXLX102,Inconnu,Pioneer,AV2ZpDBUvKc47QAVpH5Z
RZ04-01490100-R3U1,Inconnu,Razer,AWK80AtWuC1rwyj_qBNI
WD40EFRX,Inconnu,WD,AV1YFZVDvKc47QAVgp7V
CA-9011152-NA,Inconnu,Corsair,AV6OKFxgKZqtpbFMQDIY
SM-R365NZRAXAR,Inconnu,Samsung,AV_OFKchHh53nbDRAGv9
EM-FA001-PT,House of Marley,House of Marley,AVpfXjw8LJeJML437-AV
CW-9060025-WW,Corsair,Corsair,AVpfYKih1cnluZ0-jsHP
ST670P,Peerless,Peerless,AVpgkVGxLJeJML43PvG8
R120WH2,Elitescreens,Elite Screens,AVpgqcjR1cnluZ0-4riR
SRSHG1/BLUE,Sony,Sony,AVpfvvEv1cnluZ0-qhEo
SF64UY2/TQ,Inconnu,Sony,AV2Zso-9GV-KLJ3al19m
SC4000,Inconnu,Definitive Technology,AVpgc0AAilAPnD_xslLC
CMU16GX4M2A2400C16,Inconnu,CORSAIR,AVzYndejvKc47QAVeabi
AVRS930H,Inconnu,Denon,AV1YuBR1GV-KLJ3adlXG
SR64UXA/TQ,Inconnu,Sony,AVpghnMgilAPnD_xtpQd
AXIS,Inconnu,MartinLogan,AVpgVw171cnluZ0-0Iyx
5b45 Black,Inconnu,Russound,AVpe-VHsilAPnD_xSI1n
RJECIN0.75,AudioQuest,AudioQuest,AVphKMUT1cnluZ0-_E1m
RZ01-01610100-R3U1,Manufacturers Limited Warranty:2 Year,Razer,AVpfIYP41cnluZ0-ekbr
010-01343-00,Garmin,Garmin,AV1YFIRcvKc47QAVgp0Y
TSG1345R,Inconnu,Pioneer,AV1cIKWjglJLPUi8IVZ6
HD 800,2 Years,Sennheiser,AVpfSFAYLJeJML436OWI
RTR1530,BIC America,BIC America,AVpe6WsvLJeJML43yIEe
SDSSDXPS-480G-G25,Inconnu,SanDisk,AVpf1xKf1cnluZ0-sPxw
41DSC44,Inconnu,Kicker,AVphOTrFLJeJML43YULP
GX602,Inconnu,JBL,AVpf1tHJLJeJML43ErjT
NS-PWLC641,Inconnu,Insignia™,AVpf2f35ilAPnD_xjcBx
UHD60,Inconnu,Optoma,AV21LMg6GV-KLJ3amVZi
JB01507,Inconnu,Joby,AV8wmcHmKZqtpbFMSQpD
SPK-A2733,Speck,Speck,AVpf1bFpLJeJML43Emhv
SVG2482AC,"ARRIS Solutions, Inc.",Arris,AVwjfyCcnnc1JgDc5uVk
DQ-AC19V19-6044,Denaq,DENAQ,AVpe5V6WLJeJML43xv0Q
Seven,Inconnu,Definitive Technology,AVpgHHF01cnluZ0-wo3k
KD43X720E,Inconnu,Sony,AVz7Rf5L-jtxr-f30IE4
HCE-C125,Alpine,Alpine,AVpiMIyE1cnluZ0-K0TA
506266,Inconnu,Sennheiser,AVpfIbUxLJeJML433DsT
RE270K,Inconnu,TP-Link,AV0OpLQ3GV-KLJ3achNd
WD8001FFWX,Western Digital,Western Digital,AVpjAIvzLJeJML43rB_L
BRVHDBG,Incipio,Braven,AVpfGMoGilAPnD_xU4HO
AIRMM03F,Aluratek,Aluratek,AVpgElwvLJeJML43Idrn
429-AAUX,Dell,Dell,AVpfe3Ba1cnluZ0-lgks
SMN950UZKAXAA,Inconnu,Samsung,AV50n1VnGV-KLJ3ax_ED
HP-AF32-GK-MEE,Inconnu,MEE audio,AV1YGZgc-jtxr-f31NW4
HT-ST9,Sony,Sony,AVpfs_O11cnluZ0-ptWU
GDI-EXCBN201,Inconnu,ECOXGEAR,AVpfVLZp1cnluZ0-iw-7
KWV220BT,JVC,JVC,AVpf5WkYilAPnD_xkKb9
NR1608,Inconnu,Marantz,AVwjhogVQMlgsOJE8qng
K72359WW,Inconnu,Kensington,AV2sDBRw-jtxr-f39s-y
KTP-445U,Inconnu,Alpine,AVpfqQAtLJeJML43BWjp
MLH32LL/A,Apple,Apple,AVqVGaCCU2_QcyX9Ozcf
TCDA93000,TiVo,Tivo,AV1YFq_KvKc47QAVgqBw
OC100T,OmniMount,OmniMount,AVpflvQNLJeJML43ABEf
WE72 7RJ-1032US,Inconnu,MSI,AVs1TvG9nnc1JgDc4f0A
ENG-N5100,Bower Camera,Bower,AVpfYbvlLJeJML438OyO
SP-3001,Inconnu,Secur,AVpjVjlCLJeJML43uD8X
HDWD120XZSTA,Inconnu,Toshiba,AV14DyxYvKc47QAVnx9a
XDP300RB,Inconnu,Pioneer,AVwjd3Tiv8e3D1O-nnLd
70609017686,Inconnu,Rand McNally,AVz8zq-zglJLPUi8HFJg
CWV SL45C,Inconnu,Cerwin Vega,AVpgVvUSilAPnD_xrGqa
SSW-L6EX,Sima,Sima,AVpf4eTEilAPnD_xj8az
iBN43BC,iHome,Sound Design,AVpfF0EXLJeJML432L1o
LP36651,LowePro,Lowepro,AVpi8zEw1cnluZ0-SH8V
XAV-AX100,"Sony Mobile Communications, (USA) Inc",Sony,AVqVGHT0v8e3D1O-ldB-
KD70X690E,Inconnu,Sony,AV15Am6v-jtxr-f38Rtj
900667,Visiontek,VisionTek,AVphCBWM1cnluZ0-9bKX
GS116E-200NAS,Inconnu,NETGEAR,AV13GWKcGV-KLJ3akQXf
GSS308G,Papago,Papago,AVpiBS5p1cnluZ0-I7bg
DM200-100NAS,NETGEAR,Netgear,AVpf7HjRilAPnD_xkl8-
MV1-01A-BL,Inconnu,Mevo,AVqVGOLmU2_QcyX9OzaC
SC2-RK15K/SC2-RK16K,Inconnu,Sideclick,AVqVGVZYv8e3D1O-ldFb
XL-HF102B,Inconnu,Sharp,AVpff-RMLJeJML43-Sh-
ACK40401,Inconnu,Wacom,AWFbOTMQuC1rwyj_nKwZ
Rc-942-Kkn1,Inconnu,Cooler Master,AV13D7U_vKc47QAVni1h
VPLHW45ES,Sony,Sony,AVpfX03ALJeJML438DC6
H3T51AA#ABC,HP Inc,PNY,AVpfHnkMilAPnD_xVWCC
ELECTRIC100H,Elitescreens,Elite Screens,AVpft3YCilAPnD_xg-CP
X105-RF-X1-BBY,x6d inc,X6D,AVpfIWCJilAPnD_xVlzE
33-0660-05-XP,Samsung,Samsung,AVpfPEx61cnluZ0-gyT9
WX030WH,YAMAHA,Yamaha,AVpfVpNi1cnluZ0-i6p5
DRAGONFLYBLK,Audioquest,AudioQuest,AVphZeXUilAPnD_x47pt
TRAVEL-ADAPT,Sunpak,Sunpak,AVpgakmD1cnluZ0-1KHz
129279-00,Inconnu,Monster,AVzxtGzMvKc47QAVfTV8
GC1500,Diamond Multimedia,Diamond Multimedia,AVpgd-PjilAPnD_xs1mZ
CX 7.00BT,Inconnu,Sennheiser,AWBEOV5nHh53nbDRCJgI
JBLREFCONTOUR2BLU,Inconnu,JBL,AWLX-R7IIwln0LfXlgMU
SDSSDHII-1T00-G25,Inconnu,SanDisk,AV0A8q3yvKc47QAVflUG
QN55Q8FNBFXZA,Inconnu,Samsung,AWLWo1jUuC1rwyj_qO3k
XBR55X900F,Inconnu,Sony,AWIm6-ZpIwln0LfXkBQX
SNH-P6410BN,Inconnu,Samsung,AV1YF0uvglJLPUi8IGic
V104190BU000,Inconnu,Olympus,AVwjc_-jv8e3D1O-nnKy
RX-A870BL,Inconnu,Yamaha,AV0ox1E0vKc47QAVf8Pz
M-5010,ONKYO,Onkyo,AVpgJWl_1cnluZ0-xKC3
COMPANION 20,Bose,Bose®,AVphvlLfilAPnD_x81a2
SM-J327UZKAXAA,Inconnu,Samsung,AV4GSEssglJLPUi8SbrB
PM8-AV,Inconnu,Panamax,AVpfiRcdilAPnD_xdfwQ
NS-PA40BL,Yamaha,Yamaha,AVpe7f2rLJeJML43yi3P
R-S300BL,Yamaha,Yamaha,AVpfC_9v1cnluZ0-cuhn
SDSDXPB-064G-A46,Manufacturers Limited Warranty:Lifetime,SanDisk,AV1YFFAIGV-KLJ3adcob
XD-3,Cerwin Vega,Cerwin-Vega,AVphdi9-ilAPnD_x5saO
P6120HMPR/4,Sony,Sony,AVpfWxx7LJeJML437u-H
KD-R880BT,JVC,Jvcm,AVpfIs9u1cnluZ0-eriO
CMK16GX4M2B3200C16,Inconnu,CORSAIR,AV2Z0_j4-jtxr-f39lm1
W ADAPT,Inconnu,Definitive Technology,AVpi-KBm1cnluZ0-SU21
65N7000U,Sharp,Sharp,AVpibYTnLJeJML43lmGY
GRBM30,Go-Pro,GoPro,AVpgfuqcLJeJML43OsKt
ISSH6501,iSimple,iSimple,AVpe7OvBLJeJML43ycsp
WDBBGB0060HBK-NESN,Inconnu,Western Digital,AWFKEUxkuC1rwyj_nF67
MB SSB-4BB,Manfrotto,Manfrotto,AVphcp_silAPnD_x5h7q
HDRAS200V/W,120,Sony,AV1h-XnaglJLPUi8Ijco
qn65q6fnafxza,Inconnu,Samsung,AVrI3KE1U2_QcyX9O9Iw
A232-10CP,Atrend,Atrend,AVpgFvMuLJeJML43IwJi
JB00134,Joby,Joby,AV1mqGjA-jtxr-f32LQX
627840-1110,Bose,Bose,AVpgSxBfLJeJML43L4HH
CX 3.00 RED,Inconnu,Sennheiser,AVpgkbEJ1cnluZ0-3UNS
UN49M5300AFXZA,Inconnu,Samsung,AV4d7ZruvKc47QAVrsW9
100s-14ibr,Inconnu,Lenovo,AVrI6FDbv8e3D1O-lm4R
TL-SG108,Inconnu,TP-Link,AV1YFqwjglJLPUi8IGfb
MDR-1000X/C,Inconnu,Sony,AVqkGYsInnc1JgDc3kF0
PLBASS2.8,Sound Around,Pyle,AVph29Q41cnluZ0-HMvE
VG939SM,Inconnu,ViewSonic,AVphLdXD1cnluZ0-_UqX
MNF72LL/A,Apple Computer (Direct),Apple,AVqkJJNMQMlgsOJE6f5G
ISFM2351,iSimple,Isimple,AVpiF2efilAPnD_xApKK
981-000708,Inconnu,Logitech,AWFbOS4iHh53nbDRF8km
ER120WH2,Elitescreens,Elite Screens,AVpfmlwTLJeJML43ARpr
ZH1,Zoom,Zoom,AVpf3h8LLJeJML43FK1A
49s405,Inconnu,TCL,AWFFTzcwYSSHbkXwwCzw
TS-A4676R,Pioneer,Pioneer,AVpftMuHLJeJML43COhu
DV64,BIC America,BIC America,AVpgDzKlilAPnD_xmy6R
f5-s-b,JAYBIRD,Jaybird,AVpiZYNc1cnluZ0-M4Wp
LZV2722B,Lorex,Lorex,AVpgP2PVilAPnD_xpr60
DS7SI,Inconnu,Niles,AVpiuTls1cnluZ0-QEbf
wss2-w1,Inconnu,SANUS,AV2ZpBfQ-jtxr-f39lSG
CP2,Limited Lifetime Warranty,Peak Design,AVpfiR8BilAPnD_xdf6J
WDBVBZ0080JCH-NESN,Western Digital,Western Digital,AVpe-M6kLJeJML43zhke
NWWS413BM,Sony,Sony,AVpe77ZXLJeJML43ysuz
JBL TRIP,JBL,JBL,AVpiNkstLJeJML43jdxI
SOLEP1170GY,Inconnu,SOL REPUBLIC,AVqVGQr8U2_QcyX9Oza4
SDMX26-008G-G46P,SanDisk,Sandisk,AVpfj2951cnluZ0-m-df
HH025K,Panasonic,Panasonic,AVphtx6BilAPnD_x8hCO
tx-nr555,Onkyo,Onkyo,AVpimXsUilAPnD_xFsXu
ISBT52,Pac,Isimple,AVpe7KnLilAPnD_xQ_jf
100-97500011-02,Inconnu,Jabra,AVqkGdtwnnc1JgDc3kGs
TSX-B235WH,Inconnu,Yamaha,AVpe627E1cnluZ0-Z1XF
CMSO16GX3M2A1333C9,Inconnu,Corsair,AV2Z0u_eglJLPUi8Qkd_
BOX - DAC BOX E BLACK,Inconnu,Pro-Ject,AV7tZTTYYSSHbkXwokf2
DCS-8000LH/2PK-US,Inconnu,D-Link,AV5OxRab-jtxr-f3FM0V
1060400,Inconnu,Klipsch,AV1YGRRq-jtxr-f31NVc
UN55MU6490FXZA,Inconnu,Samsung,AV4GQTIsvKc47QAVrDiV
PA248Q,Inconnu,ASUS,AVpfHyx-LJeJML43217r
741648-0010,BOSE,Bose,AVpjY0V_ilAPnD_xM_Bb
125070,PreSonus,PreSonus,AVpgMwSVLJeJML43KZfY
LSIM706CCH,Polk Audio,Polk Audio,AVpgEZe61cnluZ0-v9uU
DT 6.5STR,Inconnu,Definitive Technology,AVpgghMx1cnluZ0-2bV8
RJECIN01.5,AudioQuest,AudioQuest,AVpfnKNvilAPnD_xe_vG
SB-S-43-4K-WH,Inconnu,SunBriteTV,AVqVGTt6U2_QcyX9Ozbx
IAMEP2001BKBK,Inconnu,I.am+,AVws-n_7U2_QcyX9R2Oe
HEOS5HS2WT,Denon,Denon,AVpe_acjLJeJML43z8pV
CP9020037NA,Inconnu,Corsair,AVpiW9hn1cnluZ0-MgBn
ZTE9518ABB,ZTE,ZTE,AVpi7cKLLJeJML43qUfQ
55UJ7700,Inconnu,LG,AWFFJGBBHh53nbDRFyNR
EO-BG930CBEGUS,Inconnu,Samsung,AVqVHlLeQMlgsOJE6eg7
Everest-750,Inconnu,Jbl,AV03evLPGV-KLJ3adEOo
GP60NB50,LG ODD,LG,AV1YtWoW-jtxr-f31VSn
KFC-W3016PS,Parts,Kenwood,AVpfTvf3ilAPnD_xZUM4
77-50780,OtterBox,LifeProof,AVphJhbELJeJML43XYVa
SB-4374UHD-BL,1-Year,SunBriteTV,AVqkH7o6nnc1JgDc3kZx
CB5-571-C4G4,Acer,Acer,AVphoJF41cnluZ0-ElhO
WD10EZEX,Inconnu,Western Digital,AVwjf1aKnnc1JgDc5uVn
PLW1000-100NAS,Inconnu,Netgear,AWFFs0b8Iwln0LfXiQnR
910005132,Inconnu,Logitech,AWKuk69CHh53nbDRIyJ2
QN55Q7CAMFXZA,Inconnu,Samsung,AV1YHofqglJLPUi8IGyn
BDVE3100,Sony,Sony,AVpfSYlFLJeJML436UdP
SRSXB3/BLK,Inconnu,Sony,AVpiomnPLJeJML43nlpH
GMD8601,Pioneer,Pioneer,AVpgRiy2LJeJML43Lk7h
F6TFKS01,Fugoo,FUGOO,AVpf_MNQLJeJML43HChE
SC-LX501,Inconnu,Pioneer,AVqVGVlKQMlgsOJE6eTy
CL-9011109-WW,Inconnu,Corsair,AV0A1J2_GV-KLJ3acahx
9839B001,Canon Cameras US,Canon,AVphRnusLJeJML43Y7wt
ISB23R,Ilive Blue,iLive,AVpf153xLJeJML43EvR2
SFD328,Inconnu,Bower,AVpgRCQgLJeJML43Lc56
cr49-ta,Crosley Radio,Crosley,AVpgsD9OilAPnD_xwAU2
PRJD903,Inconnu,PyleHome,AV13ChPDvKc47QAVnh7U
MCR-332,YAMAHA,Yamaha,AVpgwmqC1cnluZ0-6Ary
78551,"Westone Laboratories, Inc.",Westone,AVpi-XdoLJeJML43qxdi
ST6000VX0023SP,Inconnu,Seagate,AVqVSptYv8e3D1O-ldT0
D01-SSP,Spartan,Spartan,AVpiGuIm1cnluZ0-J4x4
A20,Pioneer,Pioneer,AVpgUl_U1cnluZ0-z3Gz
NS-IC600 WH,Yamaha,Yamaha,AVpfeG5oilAPnD_xcTsG
RAD450,Inconnu,Cobra Electronics,AV1YF-rE-jtxr-f31NQi
MMGM2LL/A,Apple,Apple,AVpf-2hGilAPnD_xlfDv
MNE02LL/A,Apple,Apple,AVzxl9XGvKc47QAVfStn
SP-BYTA,Sabrent,Sabrent,AVpf2Q7B1cnluZ0-sYrZ
EM-JA006SB,Inconnu,House of Marley,AVqkHRDnv8e3D1O-leK1
EP-P1-ZN-MEE,MEE audio,MEE audio,AVqkGirov8e3D1O-leCF
1062167,Klipsch X12 Bluetooth Neckband Headphones (black Leather),Klipsch Xr8i In-Ear Headphones,AVqkGfnSQMlgsOJE6fVs
BS-GS2024P,Inconnu,Buffalo,AVpf0KCjilAPnD_xixsO
LP36258,Lowepro,Lowepro,AVpiTWaA1cnluZ0-L8i9
78489,"Westone Laboratories, Inc.",Westone,AVpg8j-3LJeJML43Uvdl
EVOY-BP17,ECO STYLE,ECO STYLE,AVpgumyeilAPnD_xwkDK
VL15K,Bower,Bower,AVpe3sn51cnluZ0-YnkJ
CAPH410W1,NZXT,NZXT,AVpgAwdqLJeJML43HdVe
AS801BL,Yamaha Electronics,Yamaha,AVpiumIgilAPnD_xG_31
SRSX11/BLK,Sony,Sony,AVpgQP5vLJeJML43LQbd
BOSE 791 IN-CEILING SPKERS II,Bose,Bose®,AVpjQX4C1cnluZ0-U473
RE7000,Inconnu,Linksys,AWFFkl2hIwln0LfXiPPs
SPS-517,Alpine,Alpine,AVpgIu4Q1cnluZ0-xBK-
TLWDN4800,Inconnu,TP-Link,AVpfifVe1cnluZ0-mjMy
STRDN1070,Sony,Sony,AVph6KT7ilAPnD_x-rMf
2201,Inconnu,Nikon,AV1YDIi6vKc47QAVgpcL
W9,1 Year,Definitive Technology,AVphadZFLJeJML43andG
MD16384KD3-1866-K-X10,Inconnu,Pny,AV1YFcBcGV-KLJ3adcyI
SXSD2,Audiovox,SiriusXM,AVphpDVCilAPnD_x7rUn
SDSSDHII-960G-G25,Inconnu,SanDisk,AV1dnwa1glJLPUi8IcCT
SoundSport IE HP SMSG BLK,Inconnu,Bose®,AVpgCttILJeJML43H-FM
SRSXB20/BLUE,Inconnu,Sony,AVsRhL9qnnc1JgDc34iS
UNH15BP-8,Energizer,Energizer,AVpgGSKwLJeJML43I4wb
NS-IW470WH,Yamaha,Yamaha,AVpfvr461cnluZ0-qgHR
oled65c7p,Inconnu,LG,AVzxqGmivKc47QAVfTIA
506783,Inconnu,Sennheiser,AVzYfIDf-jtxr-f3y-EQ
FBA_V100NXTBLK,Jbl Everest 110 In-Ear Wireless Bluetooth Headphones (silver),JBL,AVqVHkpdv8e3D1O-ldP8
EF-NG950PBEGUS,Inconnu,Samsung,AV7pbgtYHh53nbDR-dz-
RSB-6,Klipsch,Klipsch,AVqkEINOU2_QcyX9Oz9r
70RT,Inconnu,Polk Audio,AVpf_vBRilAPnD_xltwK
SYD01.5R,Inconnu,AudioQuest,AVpgzp3F1cnluZ0-6kgL
RJEVOD01.5,AudioQuest,AudioQuest,AVpfGDKYLJeJML432RLn
PC12-PLUS,Inconnu,SVS,AVpiNqCiLJeJML43jeuZ
XBR75X900F,Inconnu,Sony,AWImbym8Hh53nbDRHk6w
STEA4000402,Seagate Technology,Seagate,AVpiHEE31cnluZ0-J8jJ
TX-NR575,Onkyo,Onkyo,AVwjhoD2v8e3D1O-nnNv
H-HS043K,Inconnu,Panasonic,AVpflVnGilAPnD_xecZy
UN65MU6290FXZA,Inconnu,Samsung,AV_Ic1sLYSSHbkXwqI3O
PLTS78DUB,Pyle,Pyle,AVpe8hbu1cnluZ0-ab42
MNQF2LL/A,Apple,Apple,AVqVGaEBv8e3D1O-ldFu
101224210,Garmin,Garmin,AVpfHy6S1cnluZ0-eXnS
BCTRW,Sony,Sony,AVpe_semLJeJML430DAU
NS-AW390WH,Inconnu,Yamaha,AVpe-NWO1cnluZ0-bDPW
MAIN-62303,Inconnu,Google,AVzxufilglJLPUi8G2HN
MJ1L2AM/A,Inconnu,Apple,AV1YFGAl-jtxr-f31M9C
BDR-XD05S,Pioneer,Pioneer,AV1YFjNZglJLPUi8IGc8
SRSHG1/RED,Sony,Sony,AVpfv62D1cnluZ0-qkPY
ILCE7K/B,Inconnu,Sony,AV1YHuWeglJLPUi8IGzF
DSCRX100M5/B,Sony,Sony,AVpfWGrYLJeJML437hk2
TH-GW10,Inconnu,Toshiba,AWIsTj6wHh53nbDRHmEp
TBS-6160-01,Inconnu,Turtle Beach,AVpfhlDsLJeJML43-wIX
11KB6000W,KICKER,Kicker,AVphpQwR1cnluZ0-EyPP
GDI-EGST702,Grace Digital Audio,ECOXGEAR,AVpgLoHn1cnluZ0-xrt6
72ND9,Tiffen,Tiffen,AVpgwOszLJeJML43SX0w
VSX-832,Inconnu,Pioneer,AV0ox1FivKc47QAVf8P0
XFBTPHCRM,V-Moda,V-Moda,AVpe6fQ1ilAPnD_xQvv9
55H8C,Spacepole Ince,Hisense,AVphSL2JLJeJML43ZCLZ
HD142X,Inconnu,Optoma,AV1YFdlF-jtxr-f31NG4
CTNZPUS1,Sonos,Sonos,AVpit06cLJeJML43oab2
MG7310-10,MTRLC LLC,Motorola,AVpjVScG1cnluZ0-VnJk
SDMX26008GG46K,Inconnu,SanDisk,AVpfy7KT1cnluZ0-rbvG
DDX9703S,KENWOOD,Kenwood,AVpgb7MYilAPnD_xsZq5
YD8345,SanDisk,SanDisk,AVpfdwURilAPnD_xcN_A
AR150WH2,Elitescreens,Elite Screens,AVpe6jFBilAPnD_xQxO2
MSOS420,Fusion,Fusion Marine,AVpfyTNZ1cnluZ0-rQfL
C01BR30MSP,1 year warranty,Sengled,AVphTzSz1cnluZ0-A5O2
EM-DH003-IO,Inconnu,ONLINE,AVphjNVhLJeJML43cNXo
MM7025,Marantz,Marantz,AVpif-lR1cnluZ0-N2u9
NS-SW300PL,Inconnu,Yamaha,AVpgLYjnilAPnD_xonGt
3566,Inconnu,mophie,AVyn8_rsU2_QcyX9UDCW
XFBT2-MBLACK,Inconnu,V-Moda,AVwjdjOXnnc1JgDc5uTu
789564-0010,Inconnu,Bose,AV68tL_3KZqtpbFMRazm
GL502VM-BI7N10,Inconnu,Asus,AVqkI_mdnnc1JgDc3ko9
UAG-SFPRO4-BLK-VP,Urban Armor Gear,Urban Armor Gear,AVphFe7t1cnluZ0--IL-
Q534UX-BI7T22,Inconnu,Asus,AVzNkD4bglJLPUi8FXQC
78514,"Westone Laboratories, Inc.",Westone,AVpijCc5ilAPnD_xFNI6
PTM200,Inconnu,Peerless-AV,AVpfAHy7ilAPnD_xSw71
MM8077,Marantz,Marantz,AVpfQFQ-1cnluZ0-hHW5
HD-LX3.0TU3,Buffalo Technology,Buffalo Technology,AVpfhqMC1cnluZ0-mUBi
A-S2100BL,Inconnu,Yamaha,AVphvkgGLJeJML43eVIb
TSX-B235BL,Inconnu,Yamaha,AVpfuAxyilAPnD_xhA9L
08G-P4-6282-KB,Inconnu,Evga,AWIYLqVnYSSHbkXwxw9c
5b65s Black,Inconnu,Russound,AVpf3_M4ilAPnD_xj0ph
HTCT800,Inconnu,Sony,AVwjdICannc1JgDc5uTl
UN65MU7000FXZA,Inconnu,Samsung,AVwjhdTFv8e3D1O-nnNl
XBR55X700D,Inconnu,Sony,AV1YDT2uvKc47QAVgpgi
SRS-XB41/B,Inconnu,Sony,AWLqHC23Iwln0LfXl6G4
XBR43X800E,Inconnu,Sony,AVqkH8AHnnc1JgDc3kaB
CD-BH950,Inconnu,Sharp,AVqVGRATnnc1JgDc3jFE
SP-SB23W,Pioneer,Pioneer,AVpf6QQIilAPnD_xkYtp
981-000585,Inconnu,Logitech,AWFPIftXuC1rwyj_nIQs
R8000P100NAS,Inconnu,Netgear,AV15efdWGV-KLJ3akfh_
CDC600BL,Yamaha,Yamaha,AVpfCW42ilAPnD_xTj0y
MD8GSD31600NHS,Inconnu,PNY,AVpjOxDh1cnluZ0-UqZO
SUB8GB,Inconnu,Kanto,AVpfCLYC1cnluZ0-cdN5
HC 2045 Projector - V11H709020,Epson,Epson,AVpfpHOsLJeJML43BBoB
5R82-G,Russound,Russound,AVpgaBHP1cnluZ0-1Cp6
PP4-00001,Inconnu,Microsoft,AVphxbgP1cnluZ0-GOgn
43CSC44,Kicker,Kicker,AVqVGm4XU2_QcyX9Ozds
HX-HSCF-BK/AM,Inconnu,HyperX,AWM7tLUgHh53nbDRKC6-
TCD846000V,Inconnu,TiVo,AWInTtJpYSSHbkXwx3pV
KDL48W650D,Inconnu,Sony,AVpfM8Rp1cnluZ0-gFTv
VTL17IR,Boyo,BOYO,AVpfucJeLJeJML43Cmqq
MH40S2,Inconnu,Master Dynamic,AVpfaey3LJeJML438zOU
G1-710-70004,Inconnu,Acer,AVqkJey9nnc1JgDc3kvk
EM-FE053-SB,Inconnu,House Of Marley,AVqVHk9yU2_QcyX9Ozm8
MHNH2AM/A,Beats,Beats,AVpfSiz2LJeJML436Xzf
DP300F,Denon,Denon,AVpgHYROLJeJML43JKG9
EF-NG955PBEGUS,Inconnu,Samsung,AVtis_nnnnc1JgDc5VVK
UN65MU7500FXZA,Inconnu,Samsung,AWOpLyzrHh53nbDRKmTD
PH550/US,Inconnu,LG,AVphp9ZD1cnluZ0-E6Q1
MH332LL/A,Inconnu,Apple,AVpiMOWkilAPnD_xBu_X
XBR55X800E,Inconnu,Sony,AVqkH8PGU2_QcyX9O0rI
FLYC4KC01BEN,Inconnu,360fly,AV1YHulm-jtxr-f31Ndj
YSP-4300BL,Yamaha,Yamaha,AVpfm9_AilAPnD_xe8Dd
PDX-M12,Alpine,Alpine,AVpgV_Dk1cnluZ0-0L_y
9001G4112520001,Inconnu,NVIDIA,AV0A-tRVGV-KLJ3aca3M
MZ-N5E500BW,Inconnu,Samsung,AV1YFi6VGV-KLJ3adc08
ANT1251F,RCA,RCA,AVpgNClnLJeJML43KdpA
GU500001,Inconnu,Microsoft,AV1YFL1ZglJLPUi8IGTm
11KB6000B,KICKER,Kicker,AVpfTUNqilAPnD_xZLQX
SPE-5000,Alpine,Alpine,AVphVnUALJeJML43Zr9N
P101W,Kanto,Kanto Living,AVpfpp311cnluZ0-oudw
MPXY2LL/A,Inconnu,Apple,AV1Mr7IRvKc47QAVgczd
AF-T1-BK-MEE,Inconnu,MEE audio,AV2Zozr6vKc47QAVpH4n
SDVD9957,Sylvania,Sylvania,AVpfvKEYilAPnD_xhWiD
STRDN1080,Inconnu,Sony,AVwjhoCGU2_QcyX9Q9ea
GDI-EGST701,Ecoxgear,Grace Digital,AVphrugr1cnluZ0-FOeH
RX-4208,Sherwood,Sherwood,AVpfvGnyLJeJML43Cy-b
SDCFXS-064G-A46,Manufacturers Limited Warranty:Lifetime,Sandisk,AVpfgjARLJeJML43-dTq
GHOCAS366,Inconnu,Ghostek,AVtieYwHv8e3D1O-nOan
HT2050A,Inconnu,BenQ,AWD3ssynIwln0LfXgpwF
ZA270025US,Inconnu,Lenovo,AWBTOXcsKZqtpbFMV5fW
LP36875,Inconnu,Lowepro,AVpjX4QQilAPnD_xM2IQ
MZ-75E2T0B/AM,Inconnu,Samsung,AWOpWM18YSSHbkXw09Yj
920-008617,Inconnu,Logitech,AVzYkQ07GV-KLJ3abOv9
CDR895D,Inconnu,Cobra,AV13EPfyGV-KLJ3akPCa
CM700100NAS,Netgear Inc,Netgear,AVqPi8_6QMlgsOJE6c-y
MG278Q,Asus,ASUS,AVphAbip1cnluZ0-9HBE
SRSXB2/RED,Sony,Sony,AVpiJoY0LJeJML43iz5-
NS-HTVMF0C,Inconnu,Insignia,AVqVGVn7nnc1JgDc3jFw
OLED65B7A,Inconnu,LG,AV1_Im8jGV-KLJ3akyKW
RS 175,Sennheiser,Sennheiser,AVpfhULY1cnluZ0-mN6h
SK869BT+,Inconnu,SHARKK,AV1YF-HWGV-KLJ3adc81
EG1-4500D,Power Acoustik,Power Acoustik,AVpgLFoPLJeJML43KAsf
GUH3C3PD,Inconnu,IOGEAR,AV-pPOFauC1rwyj_ghHT
JBLREFCONTOUR2BLK,Inconnu,JBL,AWLX-N9tHh53nbDRJHOh
QN65Q7FNAFXZA,Inconnu,Samsung,AWLiJFrAIwln0LfXlwAw
ILCE5100L/W,Inconnu,Sony,AV1YDsmoGV-KLJ3adcbe
010-12496-06,Inconnu,Garmin,AVzxuJm9vKc47QAVfTmY
SB300SS,Sonic Alert,Sonic Alert,AVpfsJ9lLJeJML43B7NH
BRVBLDBB,Inconnu,Braven,AVqkHRtUv8e3D1O-leLF
3542,Mophie,mophie,AVrZCEGEv8e3D1O-loNg
MOFO-154X,Inconnu,Power Acoustik,AVpfYqy7LJeJML438TIN
D903-SSP,Inconnu,Spartan,AVpgUWOrLJeJML43MP3S
HD 599,Inconnu,Sennheiser,AVqkGaLxQMlgsOJE6fUi
CMK32GX4M2A2133C13,Inconnu,CORSAIR,AVpidQq2ilAPnD_xEWbV
HDVD 800,Sennheiser,Sennheiser,AVphq88q1cnluZ0-FFwx
HDH-50,Inconnu,M-Audio,AV13M7AH-jtxr-f38GAZ
0G05024,G-TECH,G-Technology,AVpjLZFZLJeJML43so0h
638483,Inconnu,Tenba,AVqVHMYrv8e3D1O-ldLZ
MK8E2LL/A,Apple Computer,Apple,AVpe6ZLXLJeJML43yJAz
SKF-4800,ONKYO,Onkyo,AVpgGBWvilAPnD_xnWxj
DMC-G85MK,Panasonic,Panasonic,AVqVHCeSv8e3D1O-ldKD
EJ-FT820USEGUJ,Inconnu,Samsung,AVrsXyTNv8e3D1O-louN
DDX374BT,KENWOOD,Kenwood,AVqVGH9Ynnc1JgDc3jDV
BCTRX,Sony,Sony,AVpfMVD-ilAPnD_xW6bu
SP-650P,Manufacturers Limited Warranty:3 Year,Thermaltake,AVpe-TEYilAPnD_xSIIL
VS278Q-P,Inconnu,ASUS,AV1YDKV-glJLPUi8IF6T
SH02300BZ,Inconnu,Skybell,AVpirqtQilAPnD_xGjJb
HDMCHO05,Audioquest,AudioQuest,AVpfSIe2ilAPnD_xYy87
XFBT-GUNBLACK,Inconnu,V-MODA,AVpggdNaLJeJML43O2qK
981-000541,Inconnu,Logitech,AWFFBU8JIwln0LfXiLtO
LP36899,Lowepro,Lowepro,AVpfUsrxLJeJML437Ezd
